,StringNumber,Number,trueBox,predBox,IOU,Detected,TrueClass,Pred_text,True_text,txt_corr
0,0,0,"[1309, 1897, 1701, 2092]","[1327, 1920, 1667, 2067]",0.6551903204029703,1,1,807,0,0
1,1,1,"[697, 1952, 1138, 2152]","[744, 728, 779, 784]",0.0,0,1,0,0,0
2,2,2,"[1462, 3070, 2380, 3458]","[1076, 2228, 1101, 2248]",0.0,0,1,0,0,0
3,3,3,"[1415, 3470, 2197, 3675]","[1706, 2751, 1727, 2768]",0.0,0,1,0,0,0
4,4,4,"[617, 287, 791, 342]","[92, 247, 121, 298]",0.0,0,1,0,0,0
5,5,5,"[1123, 2032, 1804, 2310]","[1148, 2049, 1779, 2279]",0.7672563302115851,1,1,17051705,0,0
6,6,6,"[428, 622, 612, 676]","[880, 693, 929, 742]",0.0,0,1,0,0,0
7,7,7,"[1115, 1611, 1703, 1805]","[0, 0, 0, 0]",0.0,0,1,0,0,0
8,8,8,"[1631, 1854, 1988, 2008]","[1650, 1863, 1978, 1985]",0.7292665345107227,1,1,95,0,0
9,9,9,"[370, 236, 507, 268]","[707, 219, 738, 253]",0.0,0,1,0,186248,0
10,10,10,"[563, 571, 1131, 739]","[961, 611, 994, 677]",0.023689437505849564,0,1,0,1327067,0
11,11,11,"[359, 269, 492, 300]","[440, 64, 480, 112]",0.0,0,1,0,1305741,0
12,12,12,"[762, 491, 898, 529]","[764, 495, 895, 524]",0.7411566535654127,1,1,10,0,0
13,13,13,"[415, 188, 541, 245]","[468, 59, 497, 101]",0.0,0,1,0,0,0
14,14,14,"[237, 191, 390, 226]","[4, 286, 92, 384]",0.0,0,1,0,1389497,0
15,15,15,"[326, 297, 445, 323]","[643, 48, 669, 86]",0.0,0,1,0,827707,0
16,16,16,"[335, 253, 467, 284]","[393, 221, 411, 238]",0.0,0,1,0,957887,0
17,17,17,"[249, 264, 387, 294]","[252, 267, 382, 290]",0.7296356463216523,1,1,1073521,1073521,1
18,18,18,"[295, 214, 375, 232]","[162, 81, 206, 120]",0.0,0,1,0,1453881,0
19,19,19,"[224, 320, 393, 358]","[452, 101, 491, 124]",0.0,0,1,0,1328299,0
20,20,20,"[393, 151, 508, 194]","[177, 16, 220, 90]",0.0,0,1,0,0,0
21,21,21,"[501, 376, 598, 424]","[507, 380, 591, 418]",0.6903373594335693,1,1,,0,0
22,22,22,"[506, 199, 544, 330]","[0, 0, 0, 0]",0.0,0,1,0,0,0
23,23,23,"[266, 412, 438, 455]","[271, 417, 434, 449]",0.7109826589595376,1,1,1653537,1653537,1
24,24,24,"[426, 350, 570, 418]","[429, 354, 566, 414]",0.8413793103448276,1,1,[],0,0
25,25,25,"[248, 403, 394, 443]","[254, 407, 389, 435]",0.6543885847021735,1,1,14554592581455459258,1459254,0
26,26,26,"[258, 367, 426, 407]","[262, 370, 420, 402]",0.7572521287343051,1,1,152,1524526,0
27,27,27,"[272, 264, 406, 298]","[253, 222, 413, 315]",0.3122109158186864,0,1,0,1205101,0
28,28,28,"[192, 186, 291, 222]","[193, 187, 291, 223]",0.9381416162147934,1,1,18426147,0,0
29,29,29,"[529, 225, 626, 274]","[520, 105, 560, 168]",0.0,0,1,0,0,0
30,30,30,"[73, 259, 159, 324]","[107, 1, 181, 80]",0.0,0,1,0,0,0
31,31,31,"[281, 365, 416, 398]","[14, 98, 88, 139]",0.0,0,1,0,1491332,0
32,32,32,"[154, 367, 306, 427]","[0, 0, 0, 0]",0.0,0,1,0,0,0
33,33,33,"[267, 355, 388, 384]","[443, 338, 489, 363]",0.0,0,1,0,1713829,0
34,34,34,"[260, 370, 430, 407]","[262, 373, 426, 406]",0.863342566943675,1,1,1677437,1677437,1
35,35,35,"[270, 286, 439, 335]","[410, 137, 504, 187]",0.0,0,1,0,982182,0
36,36,36,"[262, 250, 397, 281]","[187, 141, 224, 196]",0.0,0,1,0,1182671,0
37,37,37,"[325, 212, 407, 235]","[521, 64, 543, 87]",0.0,0,1,0,1377728,0
38,38,38,"[265, 298, 369, 324]","[268, 301, 365, 318]",0.6222222222222222,1,1,[],0,0
39,39,39,"[219, 375, 440, 427]","[222, 381, 433, 419]",0.7027027027027027,1,1,1128134,1128134,1
40,40,40,"[335, 327, 425, 349]","[0, 0, 0, 0]",0.0,0,1,0,958216,0
41,41,41,"[227, 285, 351, 316]","[212, 244, 282, 273]",0.0,0,1,0,1387863,0
42,42,42,"[141, 350, 289, 400]","[195, 253, 243, 284]",0.0,0,1,0,0,0
43,43,43,"[287, 298, 412, 332]","[328, 127, 403, 143]",0.0,0,1,0,1421527,0
44,44,44,"[177, 289, 293, 330]","[0, 0, 0, 0]",0.0,0,1,0,0,0
45,45,45,"[291, 281, 418, 307]","[0, 0, 0, 0]",0.0,0,1,0,0,0
46,46,46,"[283, 289, 389, 313]","[499, 360, 552, 383]",0.0,0,1,0,1389497,0
47,47,47,"[401, 259, 529, 292]","[0, 0, 0, 0]",0.0,0,1,0,0,0
48,48,48,"[54, 271, 168, 337]","[39, 247, 212, 307]",0.30254550625711035,0,1,0,0,0
49,49,49,"[162, 415, 269, 468]","[0, 0, 0, 0]",0.0,0,1,0,0,0
50,50,50,"[286, 236, 399, 267]","[0, 0, 0, 0]",0.0,0,1,0,1219413,0
51,51,51,"[287, 362, 461, 418]","[361, 100, 406, 166]",0.0,0,1,0,1089446,0
52,52,52,"[402, 301, 526, 351]","[326, 217, 538, 265]",0.0,0,1,0,0,0
53,53,53,"[263, 370, 416, 404]","[0, 0, 0, 0]",0.0,0,1,0,1901578,0
54,54,54,"[174, 245, 262, 286]","[180, 248, 256, 278]",0.6385767790262172,1,1,[],0,0
55,55,55,"[500, 282, 609, 342]","[73, 155, 100, 177]",0.0,0,1,0,0,0
56,56,56,"[269, 404, 451, 457]","[487, 21, 546, 49]",0.0,0,1,0,1554050,0
57,57,57,"[118, 285, 228, 349]","[304, 255, 424, 285]",0.0,0,1,0,0,0
58,58,58,"[218, 357, 394, 414]","[280, 200, 310, 232]",0.0,0,1,0,1358168,0
59,59,59,"[257, 316, 379, 339]","[406, 311, 464, 341]",0.0,0,1,0,1272251,0
60,60,60,"[101, 325, 235, 390]","[0, 0, 0, 0]",0.0,0,1,0,0,0
61,61,61,"[160, 133, 252, 184]","[387, 241, 420, 325]",0.0,0,1,0,0,0
62,62,62,"[367, 348, 479, 380]","[215, 110, 328, 239]",0.0,0,1,0,0,0
63,63,63,"[264, 225, 377, 252]","[161, 188, 186, 247]",0.0,0,1,0,1172343,0
64,64,64,"[234, 222, 364, 260]","[173, 27, 196, 93]",0.0,0,1,0,1265533,0
65,65,65,"[241, 218, 369, 249]","[206, 186, 394, 219]",0.02505827505827506,0,1,0,1339789,0
66,66,66,"[176, 262, 312, 296]","[480, 274, 524, 315]",0.0,0,1,0,1693476,0
67,67,67,"[524, 302, 597, 344]","[372, 313, 497, 337]",0.0,0,1,0,0,0
68,68,68,"[264, 304, 369, 331]","[0, 0, 0, 0]",0.0,0,1,0,0,0
69,69,69,"[432, 154, 545, 193]","[440, 154, 526, 189]",0.6868421052631579,1,1,[],0,0
70,70,70,"[500, 341, 641, 413]","[550, 301, 580, 338]",0.0,0,1,0,0,0
71,71,71,"[218, 356, 399, 414]","[381, 49, 404, 84]",0.0,0,1,0,1456431,0
72,72,72,"[248, 211, 403, 250]","[0, 0, 0, 0]",0.0,0,1,0,1075411,0
73,73,73,"[120, 360, 252, 402]","[26, 452, 102, 482]",0.0,0,1,0,0,0
74,74,74,"[247, 227, 335, 251]","[316, 87, 351, 111]",0.0,0,1,0,1717264,0
75,75,75,"[537, 259, 649, 314]","[0, 0, 0, 0]",0.0,0,1,0,0,0
76,76,76,"[427, 181, 503, 214]","[0, 0, 0, 0]",0.0,0,1,0,0,0
77,77,77,"[261, 239, 373, 268]","[210, 261, 417, 290]",0.10359844143937658,0,1,0,1265833,0
78,78,78,"[206, 392, 389, 431]","[188, 306, 414, 352]",0.0,0,1,0,1402205,0
79,79,79,"[264, 295, 457, 342]","[271, 302, 450, 334]",0.6378865979381443,1,1,1584516,1584516,1
80,80,80,"[313, 287, 421, 325]","[93, 35, 130, 60]",0.0,0,1,0,0,0
81,81,81,"[217, 306, 313, 336]","[367, 251, 403, 292]",0.0,0,1,0,0,0
82,82,82,"[282, 273, 427, 305]","[334, 222, 368, 257]",0.0,0,1,0,0,0
83,83,83,"[273, 327, 394, 358]","[275, 332, 388, 356]",0.7300204918032787,1,1,19244620,0,0
84,84,84,"[276, 341, 390, 367]","[235, 128, 472, 218]",0.0,0,1,0,1031827,0
85,85,85,"[450, 274, 532, 316]","[221, 287, 260, 367]",0.0,0,1,0,0,0
86,86,86,"[275, 327, 429, 357]","[0, 0, 0, 0]",0.0,0,1,0,0,0
87,87,87,"[367, 165, 472, 195]","[368, 72, 416, 122]",0.0,0,1,0,0,0
88,88,88,"[366, 286, 492, 318]","[281, 202, 332, 253]",0.0,0,1,0,134892,0
89,89,89,"[259, 414, 465, 462]","[266, 417, 454, 458]",0.782608695652174,1,1,8991,1268991,0
90,90,90,"[167, 259, 269, 306]","[209, 228, 235, 257]",0.0,0,1,0,0,0
91,91,91,"[212, 290, 272, 317]","[0, 0, 0, 0]",0.0,0,1,0,0,0
92,92,92,"[306, 345, 469, 386]","[36, 52, 53, 75]",0.0,0,1,0,832456,0
93,93,93,"[178, 340, 303, 386]","[232, 0, 252, 15]",0.0,0,1,0,0,0
94,94,94,"[307, 305, 427, 341]","[309, 308, 421, 335]",0.7067232521777976,1,1,1746171,1746171,1
95,95,95,"[508, 344, 642, 417]","[410, 65, 511, 134]",0.0,0,1,0,0,0
96,96,96,"[285, 303, 410, 341]","[609, 159, 663, 184]",0.0,0,1,0,0,0
97,97,97,"[251, 267, 341, 297]","[462, 435, 499, 464]",0.0,0,1,0,0,0
98,98,98,"[38, 351, 121, 422]","[129, 355, 307, 388]",0.0,0,1,0,0,0
99,99,99,"[289, 383, 435, 415]","[447, 154, 515, 203]",0.0,0,1,0,96260,0
100,100,100,"[357, 331, 568, 386]","[0, 0, 0, 0]",0.0,0,1,0,179911,0
101,101,101,"[747, 1630, 1034, 1730]","[761, 1650, 1017, 1709]",0.5301155115511551,0,1,0,0,0
102,102,102,"[309, 517, 574, 579]","[316, 521, 567, 573]",0.7969924812030075,1,1,16635114,1665114,0
103,103,103,"[292, 524, 566, 591]","[35, 108, 214, 133]",0.0,0,1,0,2008253,0
104,104,104,"[395, 525, 617, 591]","[3, 110, 201, 229]",0.0,0,1,0,0,0
105,105,105,"[102, 351, 232, 441]","[905, 93, 999, 181]",0.0,0,1,0,0,0
106,106,106,"[338, 390, 560, 440]","[343, 392, 555, 439]",0.8989712476919018,1,1,14054592321405459232,1409232,0
107,107,107,"[740, 349, 828, 414]","[748, 352, 818, 410]",0.7131426625808648,1,1,,0,0
108,108,108,"[371, 506, 614, 582]","[375, 505, 616, 578]",0.9136420525657072,1,1,[],0,0
109,109,109,"[50, 387, 146, 474]","[0, 0, 0, 0]",0.0,0,1,0,0,0
110,110,110,"[290, 510, 583, 583]","[674, 120, 871, 141]",0.0,0,1,0,1886748,0
111,111,111,"[665, 450, 792, 532]","[467, 372, 553, 401]",0.0,0,1,0,0,0
112,112,112,"[343, 552, 550, 606]","[798, 561, 978, 648]",0.0,0,1,0,1886748,0
113,113,113,"[138, 322, 258, 410]","[146, 327, 251, 397]",0.6988578326678428,1,1,,0,0
114,114,114,"[431, 387, 615, 453]","[392, 375, 459, 397]",0.02338709677419355,0,1,0,0,0
115,115,115,"[121, 349, 257, 435]","[0, 0, 0, 0]",0.0,0,1,0,0,0
116,116,116,"[708, 337, 804, 410]","[710, 337, 794, 410]",0.8762886597938144,1,1,,0,0
117,117,117,"[400, 492, 618, 551]","[711, 183, 747, 231]",0.0,0,1,0,0,0
118,118,118,"[66, 349, 178, 430]","[962, 92, 998, 130]",0.0,0,1,0,0,0
119,119,119,"[313, 374, 577, 439]","[321, 378, 567, 426]",0.6919954259576901,1,1,1856102,1856102,1
120,120,120,"[678, 366, 793, 441]","[360, 404, 427, 428]",0.0,0,1,0,0,0
121,121,121,"[329, 528, 565, 584]","[337, 530, 558, 574]",0.7395069953364424,1,1,185236102,1856102,0
122,122,122,"[94, 440, 218, 529]","[340, 367, 388, 394]",0.0,0,1,0,0,0
123,123,123,"[317, 517, 596, 582]","[321, 517, 583, 573]",0.8112012987012988,1,1,1803049,1803049,1
124,124,124,"[338, 360, 593, 427]","[341, 365, 585, 422]",0.8162913602941176,1,1,2022806,2022806,1
125,125,125,"[715, 434, 825, 530]","[539, 368, 598, 397]",0.0,0,1,0,0,0
126,126,126,"[385, 514, 601, 580]","[387, 518, 592, 571]",0.7651145195680583,1,1,[],0,0
127,127,127,"[133, 393, 250, 461]","[493, 92, 519, 134]",0.0,0,1,0,0,0
128,128,128,"[403, 432, 585, 474]","[711, 111, 909, 128]",0.0,0,1,0,0,0
129,129,129,"[595, 430, 722, 507]","[477, 339, 561, 389]",0.0,0,1,0,0,0
130,130,130,"[305, 522, 551, 586]","[791, 131, 835, 185]",0.0,0,1,0,1914422,0
131,131,131,"[308, 382, 548, 441]","[311, 387, 535, 434]",0.7468879668049793,1,1,15258355,1528355,0
132,132,132,"[726, 349, 846, 419]","[286, 293, 377, 329]",0.0,0,1,0,0,0
133,133,133,"[350, 475, 598, 537]","[355, 479, 592, 532]",0.8192771084337349,1,1,[],1528355,0
134,134,134,"[327, 494, 546, 549]","[747, 321, 791, 426]",0.0,0,1,0,0,0
135,135,135,"[792, 326, 898, 401]","[479, 322, 539, 382]",0.0,0,1,0,0,0
136,136,136,"[328, 463, 550, 515]","[328, 466, 550, 516]",0.9259259259259259,1,1,,1697882,0
137,137,137,"[193, 478, 331, 534]","[527, 394, 555, 428]",0.0,0,1,0,0,0
138,138,138,"[713, 359, 839, 410]","[301, 562, 339, 628]",0.0,0,1,0,0,0
139,139,139,"[54, 467, 179, 522]","[508, 507, 548, 578]",0.0,0,1,0,0,0
140,140,140,"[569, 452, 696, 492]","[0, 0, 0, 0]",0.0,0,1,0,0,0
141,141,141,"[645, 263, 722, 513]","[651, 264, 709, 498]",0.7081928695474512,1,1,[],0,0
142,142,142,"[785, 282, 869, 526]","[611, 464, 654, 488]",0.0,0,1,0,0,0
143,143,143,"[804, 372, 981, 479]","[305, 167, 349, 226]",0.0,0,1,0,0,0
144,144,144,"[367, 547, 648, 610]","[152, 401, 263, 421]",0.0,0,1,0,1933654,0
145,145,145,"[350, 654, 638, 729]","[356, 661, 632, 723]",0.7945274084866144,1,1,1933654,1933654,1
146,146,146,"[350, 507, 571, 564]","[358, 515, 565, 556]",0.6784715750232991,1,1,2022806,2022806,1
147,147,147,"[255, 540, 512, 601]","[31, 49, 189, 162]",0.0,0,1,0,0,0
148,148,148,"[415, 591, 672, 649]","[428, 597, 657, 641]",0.6799369333858889,1,1,2,1799064,0
149,149,149,"[318, 490, 649, 578]","[220, 312, 739, 345]",0.0,0,1,0,2053259,0
150,150,150,"[321, 561, 638, 637]","[332, 568, 627, 629]",0.7494895042064853,1,1,2053259,2053259,1
151,151,151,"[402, 440, 608, 493]","[407, 444, 601, 485]",0.7326892109500805,1,1,15859264,1589264,0
152,152,152,"[404, 549, 627, 599]","[662, 565, 749, 616]",0.0,0,1,0,1589264,0
153,153,153,"[142, 334, 269, 422]","[72, 410, 210, 565]",0.027875322415239753,0,1,0,0,0
154,154,154,"[311, 357, 540, 418]","[0, 136, 187, 170]",0.0,0,1,0,0,0
155,155,155,"[686, 321, 784, 391]","[0, 0, 0, 0]",0.0,0,1,0,0,0
156,156,156,"[146, 440, 261, 533]","[792, 272, 841, 394]",0.0,0,1,0,0,0
157,157,157,"[248, 422, 467, 468]","[252, 426, 461, 463]",0.7717601547388782,1,1,,1198936,0
158,158,158,"[266, 367, 478, 412]","[134, 111, 601, 159]",0.0,0,1,0,1198936,0
159,159,159,"[538, 1678, 915, 1772]","[681, 550, 743, 597]",0.0,0,1,0,0,0
160,160,160,"[289, 1160, 491, 1329]","[1428, 629, 1455, 707]",0.0,0,1,0,0,0
161,161,161,"[283, 865, 514, 968]","[264, 994, 360, 1032]",0.0,0,1,0,0,0
162,162,162,"[539, 604, 650, 690]","[542, 615, 645, 686]",0.7684729064039408,1,1,,0,0
163,163,163,"[21, 733, 166, 810]","[24, 738, 159, 799]",0.740428521250439,1,1,[],0,0
164,164,164,"[133, 474, 260, 523]","[474, 178, 516, 280]",0.0,0,1,0,0,0
165,165,165,"[165, 336, 237, 386]","[269, 130, 385, 274]",0.0,0,1,0,0,0
166,166,166,"[442, 650, 702, 734]","[444, 654, 699, 729]",0.876988956502141,1,1,,0,0
167,167,167,"[267, 543, 551, 624]","[43, 370, 98, 406]",0.0,0,1,0,1174797,0
168,168,168,"[691, 651, 1222, 770]","[700, 667, 1199, 749]",0.650062656641604,1,1,594608,594608,1
169,169,169,"[735, 802, 1165, 906]","[742, 803, 1144, 850]",0.42744448127278756,0,1,0,0,0
170,170,170,"[319, 553, 583, 618]","[628, 161, 683, 204]",0.0,0,1,0,1404510,0
171,171,171,"[217, 645, 510, 720]","[406, 123, 428, 165]",0.0,0,1,0,0,0
172,172,172,"[942, 527, 1195, 585]","[62, 16, 107, 82]",0.0,0,1,0,0,0
173,173,173,"[281, 546, 569, 747]","[1531, 563, 1690, 635]",0.0,0,1,0,0,0
174,174,174,"[1274, 481, 1441, 587]","[0, 0, 0, 0]",0.0,0,1,0,0,0
175,175,175,"[1080, 791, 1381, 865]","[0, 0, 0, 0]",0.0,0,1,0,0,0
176,176,176,"[535, 741, 686, 853]","[0, 0, 0, 0]",0.0,0,1,0,0,0
177,177,177,"[1016, 770, 1197, 894]","[741, 286, 818, 332]",0.0,0,1,0,0,0
178,178,178,"[380, 433, 588, 473]","[626, 463, 670, 482]",0.0,0,1,0,0,0
179,179,179,"[359, 443, 554, 490]","[473, 18, 491, 39]",0.0,0,1,0,0,0
180,180,180,"[142, 445, 279, 538]","[923, 91, 958, 135]",0.0,0,1,0,0,0
181,181,181,"[672, 482, 816, 557]","[416, 348, 476, 390]",0.0,0,1,0,0,0
182,182,182,"[562, 451, 712, 504]","[0, 0, 0, 0]",0.0,0,1,0,0,0
183,183,183,"[516, 719, 720, 837]","[142, 256, 176, 283]",0.0,0,1,0,0,0
184,184,184,"[332, 478, 505, 526]","[0, 0, 0, 0]",0.0,0,1,0,0,0
185,185,185,"[217, 490, 376, 535]","[428, 496, 469, 537]",0.0,0,1,0,0,0
186,186,186,"[67, 1034, 313, 1256]","[0, 0, 0, 0]",0.0,0,1,0,0,0
187,187,187,"[1545, 840, 1813, 1029]","[1615, 757, 1768, 814]",0.0,0,1,0,0,0
188,188,188,"[227, 777, 501, 840]","[233, 791, 496, 831]",0.615,1,1,20359308,2039308,0
189,189,189,"[261, 644, 511, 690]","[226, 662, 524, 710]",0.37972768532526474,0,1,0,2039308,0
190,190,190,"[264, 408, 421, 471]","[269, 414, 417, 465]",0.7662183544303798,1,1,1934993,0,0
191,191,191,"[358, 389, 523, 437]","[789, 218, 841, 318]",0.0,0,1,0,0,0
192,192,192,"[536, 275, 631, 338]","[431, 313, 505, 347]",0.0,0,1,0,0,0
193,193,193,"[41, 315, 117, 357]","[212, 652, 424, 771]",0.0,0,1,0,0,0
194,194,194,"[91, 395, 155, 438]","[315, 408, 355, 483]",0.0,0,1,0,0,0
195,195,195,"[611, 282, 713, 321]","[499, 180, 542, 227]",0.0,0,1,0,0,0
196,196,196,"[425, 317, 494, 335]","[414, 93, 459, 120]",0.0,0,1,0,0,0
197,197,197,"[210, 913, 486, 1008]","[217, 922, 475, 996]",0.7304828519855595,1,1,184095,0,0
198,198,198,"[1191, 791, 1413, 870]","[1202, 794, 1402, 865]",0.8112107623318385,1,1,15824095,0,0
199,199,199,"[1580, 734, 1722, 805]","[0, 0, 0, 0]",0.0,0,1,0,0,0
200,200,200,"[808, 857, 1092, 930]","[852, 538, 939, 580]",0.0,0,1,0,0,0
201,201,201,"[214, 522, 388, 555]","[220, 524, 380, 552]",0.7847058823529411,1,1,2621352,2021321,0
202,202,202,"[195, 415, 376, 463]","[198, 420, 368, 457]",0.728638708230545,1,1,20221321,2021321,0
203,203,203,"[705, 354, 862, 428]","[0, 0, 0, 0]",0.0,0,1,0,0,0
204,204,204,"[427, 598, 778, 677]","[431, 606, 776, 687]",0.7878557874762808,1,1,1859301,1859301,1
205,205,205,"[1075, 516, 1230, 641]","[1082, 524, 1221, 629]",0.7549857549857549,1,1,,0,0
206,206,206,"[1038, 430, 1231, 544]","[1062, 310, 1113, 340]",0.0,0,1,0,0,0
207,207,207,"[923, 395, 1144, 503]","[927, 390, 1145, 517]",0.8346915835323873,1,1,[],0,0
208,208,208,"[512, 479, 826, 556]","[511, 483, 828, 558]",0.91670599339311,1,1,1239301,1859301,0
209,209,209,"[146, 372, 350, 469]","[148, 378, 349, 469]",0.9250373320059732,1,1,,0,0
210,210,210,"[106, 483, 297, 636]","[114, 485, 293, 629]",0.882711038961039,1,1,,0,0
211,211,211,"[770, 706, 1319, 822]","[782, 716, 1309, 813]",0.8041025641025641,1,1,133591853,0,0
212,212,212,"[1379, 706, 1718, 878]","[1383, 712, 1713, 873]",0.9116286977218633,1,1,,0,0
213,213,213,"[698, 793, 1197, 909]","[704, 798, 1187, 895]",0.8108034188034188,1,1,133091853,1331853,0
214,214,214,"[309, 735, 695, 911]","[318, 743, 689, 902]",0.8689177944203565,1,1,[],0,0
215,215,215,"[1425, 858, 1786, 1043]","[1084, 583, 1192, 648]",0.0,0,1,0,0,0
216,216,216,"[239, 661, 598, 897]","[458, 765, 487, 836]",0.02531645569620253,0,1,0,0,0
217,217,217,"[289, 636, 476, 673]","[0, 0, 0, 0]",0.0,0,1,0,0,0
218,218,218,"[296, 624, 513, 663]","[0, 0, 0, 0]",0.0,0,1,0,0,0
219,219,219,"[198, 718, 422, 754]","[35, 241, 74, 367]",0.0,0,1,0,0,0
220,220,220,"[404, 429, 604, 485]","[337, 322, 678, 386]",0.0,0,1,0,1969917,0
221,221,221,"[228, 725, 400, 772]","[221, 728, 405, 759]",0.6372007366482505,1,1,[],0,0
222,222,222,"[130, 435, 257, 542]","[350, 111, 478, 165]",0.0,0,1,0,0,0
223,223,223,"[331, 413, 559, 476]","[255, 44, 730, 165]",0.0,0,1,0,1947162,0
224,224,224,"[440, 474, 654, 523]","[445, 478, 647, 517]",0.7553488372093023,1,1,129,1294469,0
225,225,225,"[166, 519, 292, 619]","[545, 104, 657, 205]",0.0,0,1,0,0,0
226,226,226,"[161, 454, 307, 548]","[277, 189, 306, 238]",0.0,0,1,0,0,0
227,227,227,"[411, 413, 597, 452]","[418, 418, 590, 446]",0.6707219251336899,1,1,1999469,1294469,0
228,228,228,"[690, 488, 822, 577]","[663, 205, 696, 241]",0.0,0,1,0,0,0
229,229,229,"[677, 478, 832, 548]","[0, 0, 0, 0]",0.0,0,1,0,0,0
230,230,230,"[642, 315, 823, 382]","[699, 130, 784, 204]",0.0,0,1,0,0,0
231,231,231,"[178, 851, 415, 905]","[0, 0, 0, 0]",0.0,0,1,0,0,0
232,232,232,"[357, 318, 491, 387]","[115, 76, 162, 94]",0.0,0,1,0,0,0
233,233,233,"[70, 286, 203, 407]","[673, 292, 709, 325]",0.0,0,1,0,0,0
234,234,234,"[255, 132, 317, 156]","[108, 52, 146, 84]",0.0,0,1,0,0,0
235,235,235,"[78, 138, 153, 162]","[251, 49, 279, 76]",0.0,0,1,0,0,0
236,236,236,"[130, 177, 184, 196]","[0, 0, 0, 0]",0.0,0,1,0,0,0
237,237,237,"[179, 176, 240, 198]","[86, 66, 122, 83]",0.0,0,1,0,0,0
238,238,238,"[21, 546, 136, 604]","[524, 279, 593, 309]",0.0,0,1,0,0,0
239,239,239,"[332, 526, 535, 576]","[337, 531, 530, 582]",0.7714384508990318,1,1,115147,0,0
240,240,240,"[333, 1148, 637, 1242]","[341, 1160, 629, 1228]",0.688213977566868,1,1,[],0,0
241,241,241,"[425, 467, 574, 515]","[715, 210, 828, 324]",0.0,0,1,0,0,0
242,242,242,"[263, 496, 411, 540]","[527, 243, 624, 354]",0.0,0,1,0,0,0
243,243,243,"[395, 517, 557, 555]","[396, 519, 550, 552]",0.8290073934245713,1,1,[],0,0
244,244,244,"[306, 480, 438, 535]","[0, 0, 0, 0]",0.0,0,1,0,0,0
245,245,245,"[516, 447, 646, 500]","[186, 74, 242, 145]",0.0,0,1,0,0,0
246,246,246,"[814, 685, 1070, 842]","[920, 414, 997, 512]",0.0,0,1,0,0,0
247,247,247,"[67, 565, 206, 752]","[0, 0, 0, 0]",0.0,0,1,0,0,0
248,248,248,"[303, 929, 597, 1007]","[111, 13, 374, 83]",0.0,0,1,0,0,0
249,249,249,"[561, 578, 768, 628]","[0, 0, 0, 0]",0.0,0,1,0,0,0
250,250,250,"[538, 584, 767, 650]","[545, 589, 754, 641]",0.7222582738481506,1,1,1794195,0,0
251,251,251,"[539, 580, 763, 648]","[545, 589, 754, 641]",0.7169082125603865,1,1,1794195,0,0
252,252,252,"[481, 1186, 863, 1296]","[140, 549, 197, 575]",0.0,0,1,0,0,0
253,253,253,"[622, 726, 789, 875]","[959, 897, 1103, 978]",0.0,0,1,0,0,0
254,254,254,"[627, 734, 792, 865]","[959, 897, 1103, 978]",0.0,0,1,0,0,0
255,255,255,"[81, 1053, 478, 1248]","[1145, 161, 1215, 234]",0.0,0,1,0,0,0
256,256,256,"[766, 424, 837, 484]","[143, 74, 307, 105]",0.0,0,1,0,0,0
257,257,257,"[157, 449, 274, 521]","[73, 62, 94, 103]",0.0,0,1,0,0,0
258,258,258,"[284, 488, 446, 532]","[146, 297, 187, 323]",0.0,0,1,0,1278594,0
259,259,259,"[289, 400, 435, 473]","[291, 402, 434, 474]",0.9406641262928688,1,1,[],0,0
260,260,260,"[188, 467, 378, 564]","[555, 452, 702, 719]",0.0,0,1,0,0,0
261,261,261,"[320, 517, 468, 558]","[321, 521, 464, 553]",0.7593480345158198,1,1,140531550,1401550,0
262,262,262,"[288, 473, 422, 508]","[291, 477, 414, 505]",0.739917695473251,1,1,140531550,1401550,0
263,263,263,"[1214, 225, 1330, 680]","[1232, 239, 1316, 666]",0.6818863397810766,1,1,,0,0
264,264,264,"[1322, 168, 1469, 591]","[1145, 413, 1208, 428]",0.0,0,1,0,0,0
265,265,265,"[1139, 1, 1314, 297]","[467, 1010, 504, 1076]",0.0,0,1,0,0,0
266,266,266,"[46, 1238, 287, 1363]","[55, 1246, 276, 1348]",0.7499016135379771,1,1,163,0,0
267,267,267,"[536, 1280, 872, 1427]","[311, 591, 381, 735]",0.0,0,1,0,0,0
268,268,268,"[376, 344, 538, 398]","[330, 286, 604, 313]",0.0,0,1,0,0,0
269,269,269,"[184, 577, 346, 616]","[38, 62, 70, 96]",0.0,0,1,0,0,0
270,270,270,"[160, 596, 331, 635]","[159, 126, 176, 232]",0.0,0,1,0,0,0
271,271,271,"[354, 358, 577, 415]","[277, 24, 295, 39]",0.0,0,1,0,0,0
272,272,272,"[508, 544, 849, 616]","[650, 376, 694, 425]",0.0,0,1,0,0,0
273,273,273,"[114, 461, 259, 583]","[1176, 618, 1267, 670]",0.0,0,1,0,0,0
274,274,274,"[885, 389, 1013, 504]","[1104, 430, 1150, 457]",0.0,0,1,0,0,0
275,275,275,"[815, 311, 990, 408]","[1092, 18, 1203, 56]",0.0,0,1,0,0,0
276,276,276,"[534, 390, 823, 471]","[1104, 590, 1209, 638]",0.0,0,1,0,978559,0
277,277,277,"[229, 339, 395, 445]","[753, 76, 822, 159]",0.0,0,1,0,0,0
278,278,278,"[44, 428, 207, 490]","[482, 239, 532, 310]",0.0,0,1,0,0,0
279,279,279,"[419, 479, 597, 533]","[422, 482, 593, 527]",0.8036566785170137,1,1,2004797,0,0
280,280,280,"[600, 1257, 1015, 1342]","[0, 0, 0, 0]",0.0,0,1,0,0,0
281,281,281,"[595, 1023, 1027, 1146]","[0, 0, 0, 0]",0.0,0,1,0,0,0
282,282,282,"[458, 403, 747, 470]","[465, 411, 740, 463]",0.7417849898580122,1,1,19033834,1903834,0
283,283,283,"[519, 429, 737, 481]","[522, 434, 733, 476]",0.7853881278538812,1,1,1903938364,1903834,0
284,284,284,"[949, 1393, 1249, 1523]","[960, 1397, 1237, 1516]",0.846034845679795,1,1,[],0,0
285,285,285,"[418, 596, 669, 651]","[351, 236, 385, 302]",0.0,0,1,0,0,0
286,286,286,"[413, 620, 569, 688]","[415, 623, 568, 685]",0.8955967875934644,1,1,,0,0
287,287,287,"[173, 443, 334, 494]","[177, 449, 329, 489]",0.7446581196581197,1,1,159479880159479880,0,0
288,288,288,"[275, 657, 478, 700]","[357, 558, 398, 598]",0.0,0,1,0,984859,0
289,289,289,"[273, 588, 451, 630]","[275, 593, 449, 625]",0.7502923216837729,1,1,984859,984859,1
290,290,290,"[431, 516, 660, 600]","[437, 512, 652, 592]",0.8147349857940629,1,1,[],0,0
291,291,291,"[280, 449, 465, 528]","[606, 392, 650, 443]",0.0,0,1,0,0,0
292,292,292,"[187, 348, 320, 406]","[410, 79, 496, 211]",0.0,0,1,0,0,0
293,293,293,"[702, 320, 921, 395]","[473, 320, 561, 349]",0.0,0,1,0,0,0
294,294,294,"[768, 417, 896, 495]","[911, 27, 931, 103]",0.0,0,1,0,0,0
295,295,295,"[567, 407, 758, 450]","[0, 0, 0, 0]",0.0,0,1,0,2031528,0
296,296,296,"[862, 474, 1006, 553]","[0, 0, 0, 0]",0.0,0,1,0,0,0
297,297,297,"[29, 542, 151, 641]","[0, 0, 0, 0]",0.0,0,1,0,0,0
298,298,298,"[495, 550, 704, 597]","[0, 0, 0, 0]",0.0,0,1,0,2031528,0
299,299,299,"[1264, 999, 1383, 1253]","[585, 47, 656, 164]",0.0,0,1,0,0,0
300,300,300,"[580, 448, 705, 508]","[378, 448, 462, 513]",0.0,0,1,0,0,0
301,301,301,"[356, 1344, 727, 1410]","[1017, 485, 1092, 530]",0.0,0,1,0,0,0
302,302,302,"[900, 965, 1216, 1065]","[278, 410, 333, 530]",0.0,0,1,0,0,0
303,303,303,"[243, 380, 421, 417]","[450, 393, 520, 433]",0.0,0,1,0,1589254,0
304,304,304,"[245, 292, 405, 333]","[246, 297, 402, 328]",0.7429754510499852,1,1,1589264,1589264,1
305,305,305,"[295, 1161, 726, 1384]","[694, 210, 751, 291]",0.0,0,1,0,0,0
306,306,306,"[688, 1141, 1319, 1290]","[0, 0, 0, 0]",0.0,0,1,0,2008083,0
307,307,307,"[1583, 917, 1867, 1053]","[739, 259, 779, 366]",0.0,0,1,0,0,0
308,308,308,"[256, 1028, 550, 1188]","[1280, 356, 1362, 464]",0.0,0,1,0,0,0
309,309,309,"[790, 1330, 1313, 1450]","[0, 0, 0, 0]",0.0,0,1,0,2008083,0
310,310,310,"[1360, 1128, 1711, 1295]","[1496, 561, 1650, 645]",0.0,0,1,0,0,0
311,311,311,"[497, 984, 843, 1036]","[968, 286, 1002, 325]",0.0,0,1,0,0,0
312,312,312,"[407, 885, 748, 950]","[257, 738, 887, 800]",0.0,0,1,0,0,0
313,313,313,"[491, 520, 718, 579]","[493, 523, 715, 576]",0.8802631578947369,1,1,79372237937223,1797224,0
314,314,314,"[499, 353, 806, 414]","[502, 353, 803, 414]",0.9805194805194806,1,1,1797223,1797223,1
315,315,315,"[696, 1262, 1192, 1364]","[0, 0, 0, 0]",0.0,0,1,0,1167579,0
316,316,316,"[90, 901, 325, 1147]","[0, 0, 0, 0]",0.0,0,1,0,0,0
317,317,317,"[1619, 1101, 1894, 1317]","[616, 281, 675, 305]",0.0,0,1,0,0,0
318,318,318,"[886, 758, 1278, 850]","[0, 0, 0, 0]",0.0,0,1,0,1167579,0
319,319,319,"[890, 766, 1278, 843]","[0, 0, 0, 0]",0.0,0,1,0,1167579,0
320,320,320,"[38, 942, 293, 1160]","[279, 183, 568, 352]",0.0,0,1,0,0,0
321,321,321,"[1364, 824, 1670, 973]","[694, 50, 720, 76]",0.0,0,1,0,0,0
322,322,322,"[177, 522, 345, 575]","[21, 59, 51, 142]",0.0,0,1,0,0,0
323,323,323,"[280, 422, 479, 469]","[0, 0, 0, 0]",0.0,0,1,0,0,0
324,324,324,"[237, 622, 437, 678]","[422, 852, 458, 893]",0.0,0,1,0,0,0
325,325,325,"[206, 645, 433, 686]","[508, 518, 553, 590]",0.0,0,1,0,0,0
326,326,326,"[201, 802, 439, 839]","[103, 669, 139, 738]",0.0,0,1,0,0,0
327,327,327,"[225, 595, 469, 646]","[280, 602, 298, 634]",0.04921507064364207,0,1,0,1884557,0
328,328,328,"[308, 1219, 566, 1287]","[313, 1218, 555, 1286]",0.9122225902616761,1,1,78376947837694,0,0
329,329,329,"[599, 445, 765, 515]","[255, 466, 290, 620]",0.0,0,1,0,0,0
330,330,330,"[99, 453, 224, 526]","[0, 0, 0, 0]",0.0,0,1,0,0,0
331,331,331,"[741, 454, 861, 539]","[746, 459, 854, 534]",0.7960791850855276,1,1,,0,0
332,332,332,"[195, 490, 338, 561]","[459, 154, 508, 205]",0.0,0,1,0,0,0
333,333,333,"[1, 479, 77, 567]","[2, 485, 73, 564]",0.8405078067999416,1,1,[],0,0
334,334,334,"[246, 651, 506, 708]","[126, 163, 161, 182]",0.0,0,1,0,0,0
335,335,335,"[231, 368, 497, 439]","[88, 387, 146, 420]",0.0,0,1,0,759616,0
336,336,336,"[904, 1152, 1176, 1273]","[908, 1159, 1167, 1265]",0.8352849336455894,1,1,[],0,0
337,337,337,"[321, 593, 702, 667]","[571, 607, 600, 654]",0.050261780104712044,0,1,0,0,0
338,338,338,"[175, 483, 427, 616]","[179, 489, 422, 605]",0.8420742139106837,1,1,[],0,0
339,339,339,"[278, 946, 562, 1130]","[282, 954, 556, 1126]",0.9023233760075865,1,1,,0,0
340,340,340,"[145, 953, 435, 1156]","[149, 960, 428, 1148]",0.8914493632504549,1,1,,0,0
341,341,341,"[1376, 830, 1621, 1027]","[1380, 831, 1586, 1017]",0.7947154471544715,1,1,[],0,0
342,342,342,"[657, 1068, 1124, 1181]","[1243, 129, 1403, 180]",0.0,0,1,0,1497958,0
343,343,343,"[313, 930, 568, 1102]","[1336, 92, 1399, 198]",0.0,0,1,0,0,0
344,344,344,"[1405, 953, 1683, 1145]","[1512, 128, 1593, 199]",0.0,0,1,0,0,0
345,345,345,"[613, 1039, 811, 1092]","[1315, 814, 1357, 892]",0.0,0,1,0,0,0
346,346,346,"[453, 841, 610, 878]","[442, 610, 712, 731]",0.0,0,1,0,0,0
347,347,347,"[113, 397, 203, 480]","[0, 0, 0, 0]",0.0,0,1,0,0,0
348,348,348,"[793, 384, 873, 455]","[261, 64, 290, 108]",0.0,0,1,0,0,0
349,349,349,"[366, 549, 581, 594]","[368, 553, 574, 589]",0.7708333333333334,1,1,[],1239467,0
350,350,350,"[143, 475, 249, 554]","[405, 133, 440, 190]",0.0,0,1,0,0,0
351,351,351,"[333, 452, 533, 497]","[105, 64, 121, 108]",0.0,0,1,0,1239467,0
352,352,352,"[48, 563, 192, 627]","[22, 140, 73, 199]",0.0,0,1,0,0,0
353,353,353,"[636, 1048, 868, 1104]","[643, 1055, 866, 1107]",0.8026947609833011,1,1,,1723523,0
354,354,354,"[593, 1182, 870, 1248]","[1020, 963, 1106, 990]",0.0,0,1,0,1723523,0
355,355,355,"[1071, 450, 1386, 523]","[1079, 451, 1371, 516]",0.8269757098871023,1,1,572572,1265782,0
356,356,356,"[845, 598, 1123, 681]","[1008, 179, 1053, 288]",0.0,0,1,0,0,0
357,357,357,"[85, 668, 433, 778]","[637, 7, 680, 52]",0.0,0,1,0,0,0
358,358,358,"[101, 585, 249, 659]","[172, 308, 283, 369]",0.0,0,1,0,0,0
359,359,359,"[239, 605, 457, 657]","[241, 609, 453, 653]",0.8257947790126647,1,1,47075,1647075,0
360,360,360,"[265, 628, 481, 675]","[267, 629, 482, 674]",0.9453259415025808,1,1,16497075,1647075,0
361,361,361,"[247, 697, 484, 749]","[249, 696, 480, 744]",0.8668846333489024,1,1,164037075,1647075,0
362,362,362,"[42, 576, 152, 653]","[44, 578, 148, 649]",0.8731808731808732,1,1,[],0,0
363,363,363,"[497, 567, 655, 653]","[502, 566, 651, 649]",0.8903668740613602,1,1,,0,0
364,364,364,"[530, 480, 653, 544]","[0, 0, 0, 0]",0.0,0,1,0,0,0
365,365,365,"[308, 1027, 476, 1117]","[317, 1036, 467, 1111]",0.7462123675141427,1,1,,0,0
366,366,366,"[313, 606, 473, 647]","[164, 187, 215, 225]",0.0,0,1,0,1725947,0
367,367,367,"[246, 660, 561, 728]","[110, 137, 148, 238]",0.0,0,1,0,0,0
368,368,368,"[405, 432, 646, 487]","[492, 364, 556, 401]",0.0,0,1,0,2091498,0
369,369,369,"[261, 287, 402, 350]","[0, 0, 0, 0]",0.0,0,1,0,0,0
370,370,370,"[214, 433, 337, 491]","[0, 0, 0, 0]",0.0,0,1,0,0,0
371,371,371,"[738, 303, 820, 374]","[0, 0, 0, 0]",0.0,0,1,0,0,0
372,372,372,"[133, 445, 274, 547]","[0, 0, 0, 0]",0.0,0,1,0,0,0
373,373,373,"[633, 471, 767, 546]","[778, 138, 829, 163]",0.0,0,1,0,0,0
374,374,374,"[349, 594, 574, 649]","[353, 603, 570, 639]",0.6373261694058154,1,1,1771866,1771866,1
375,375,375,"[1427, 516, 1634, 751]","[450, 332, 554, 390]",0.0,0,1,0,0,0
376,376,376,"[1518, 463, 1719, 700]","[1041, 455, 1208, 582]",0.0,0,1,0,0,0
377,377,377,"[800, 959, 1272, 1087]","[806, 972, 1265, 1059]",0.6634216693708311,1,1,181535528,1815528,0
378,378,378,"[873, 719, 1318, 905]","[888, 726, 1295, 884]",0.7778230737871994,1,1,[],1815528,0
379,379,379,"[1586, 423, 1772, 532]","[1594, 427, 1765, 530]",0.8696159455517745,1,1,[],0,0
380,380,380,"[126, 703, 334, 857]","[130, 709, 327, 856]",0.9045840407470289,1,1,[],0,0
381,381,381,"[437, 439, 547, 474]","[439, 438, 543, 474]",0.9217264081931237,1,1,2128,0,0
382,382,382,"[57, 524, 169, 587]","[475, 311, 590, 409]",0.0,0,1,0,0,0
383,383,383,"[142, 423, 266, 472]","[454, 175, 482, 252]",0.0,0,1,0,0,0
384,384,384,"[340, 543, 473, 582]","[64, 243, 108, 294]",0.0,0,1,0,0,0
385,385,385,"[441, 810, 707, 876]","[446, 815, 707, 870]",0.8201688188272123,1,1,1283469,1283469,1
386,386,386,"[536, 804, 778, 863]","[539, 400, 623, 518]",0.0,0,1,0,1283469,0
387,387,387,"[587, 1134, 1128, 1241]","[598, 1146, 1112, 1228]",0.7302343856771901,1,1,9543589,0,0
388,388,388,"[98, 508, 340, 666]","[102, 511, 335, 660]",0.9084556254367575,1,1,,0,0
389,389,389,"[309, 288, 697, 403]","[321, 300, 685, 394]",0.768438081730343,1,1,[],791536,0
390,390,390,"[360, 540, 497, 585]","[829, 493, 955, 547]",0.0,0,1,0,1785615,0
391,391,391,"[897, 490, 1050, 538]","[234, 416, 434, 486]",0.0,0,1,0,0,0
392,392,392,"[10, 664, 189, 716]","[13, 666, 183, 711]",0.8245283018867925,1,1,2954929549,0,0
393,393,393,"[257, 704, 499, 759]","[263, 709, 494, 755]",0.8012933568489125,1,1,189,0,0
394,394,394,"[231, 650, 464, 701]","[238, 653, 456, 697]",0.8099112426035503,1,1,1899119,1899119,1
395,395,395,"[520, 656, 644, 702]","[483, 459, 582, 501]",0.0,0,1,0,0,0
396,396,396,"[460, 695, 581, 738]","[393, 719, 621, 784]",0.13523999556590177,0,1,0,0,0
397,397,397,"[494, 647, 628, 696]","[414, 676, 666, 748]",0.12665296640457469,0,1,0,0,0
398,398,398,"[43, 646, 162, 699]","[10, 671, 231, 746]",0.1751207729468599,0,1,0,0,0
399,399,399,"[713, 442, 868, 510]","[720, 444, 861, 504]",0.8047194351542177,1,1,22,0,0
400,400,400,"[49, 578, 180, 681]","[682, 125, 706, 177]",0.0,0,1,0,0,0
401,401,401,"[497, 664, 641, 728]","[498, 668, 639, 725]",0.8738461538461538,1,1,[],1916294,0
402,402,402,"[509, 556, 642, 622]","[121, 274, 190, 341]",0.0,0,1,0,0,0
403,403,403,"[125, 477, 327, 567]","[128, 481, 323, 557]",0.8169761273209549,1,1,186373,1663738,0
404,404,404,"[514, 716, 657, 769]","[515, 719, 654, 768]",0.9002057613168725,1,1,166,0,0
405,405,405,"[87, 537, 195, 596]","[0, 0, 0, 0]",0.0,0,1,0,0,0
406,406,406,"[250, 723, 495, 789]","[342, 641, 401, 703]",0.0,0,1,0,1663738,0
407,407,407,"[69, 481, 214, 550]","[73, 488, 210, 538]",0.6886497064579257,1,1,1667,0,0
408,408,408,"[109, 607, 264, 663]","[519, 853, 598, 900]",0.0,0,1,0,1663738,0
409,409,409,"[221, 546, 478, 600]","[648, 545, 689, 568]",0.0,0,1,0,0,0
410,410,410,"[213, 630, 522, 684]","[348, 903, 377, 933]",0.0,0,1,0,787632,0
411,411,411,"[901, 1085, 1272, 1170]","[902, 1088, 1268, 1161]",0.8488997249312328,1,1,[],0,0
412,412,412,"[836, 734, 1242, 835]","[583, 888, 1498, 924]",0.0,0,1,0,789296,0
413,413,413,"[324, 482, 494, 520]","[327, 484, 490, 517]",0.8361073624231519,1,1,155477039155477039,1557039,0
414,414,414,"[293, 599, 432, 628]","[561, 100, 588, 165]",0.0,0,1,0,1557039,0
415,415,415,"[698, 417, 793, 473]","[398, 126, 438, 153]",0.0,0,1,0,0,0
416,416,416,"[175, 448, 281, 523]","[177, 449, 280, 520]",0.9208066896212493,1,1,,0,0
417,417,417,"[439, 533, 583, 568]","[448, 415, 582, 469]",0.0,0,1,0,1659658,0
418,418,418,"[250, 558, 426, 618]","[445, 414, 466, 476]",0.0,0,1,0,1658401,0
419,419,419,"[42, 618, 188, 692]","[537, 216, 603, 395]",0.0,0,1,0,0,0
420,420,420,"[443, 592, 603, 680]","[444, 595, 606, 678]",0.9217474795967355,1,1,,0,0
421,421,421,"[394, 531, 690, 591]","[395, 535, 687, 585]",0.8248054313628084,1,1,78362397836239,786239,0
422,422,422,"[224, 541, 544, 607]","[233, 539, 529, 601]",0.8197366634993891,1,1,7896239,786239,0
423,423,423,"[358, 455, 519, 499]","[513, 188, 541, 220]",0.0,0,1,0,779338,0
424,424,424,"[818, 992, 1240, 1098]","[825, 1003, 1232, 1081]",0.7121362762643335,1,1,984189,984189,1
425,425,425,"[726, 765, 1268, 888]","[736, 775, 1248, 876]",0.7771342006772411,1,1,9834189,984189,0
426,426,426,"[12, 333, 176, 382]","[204, 349, 229, 393]",0.0,0,1,0,1558806,0
427,427,427,"[341, 497, 651, 577]","[0, 0, 0, 0]",0.0,0,1,0,1764066,0
428,428,428,"[70, 444, 142, 536]","[0, 0, 0, 0]",0.0,0,1,0,0,0
429,429,429,"[359, 357, 616, 422]","[98, 22, 128, 90]",0.0,0,1,0,1764066,0
430,430,430,"[267, 742, 477, 786]","[274, 745, 472, 781]",0.7754607688256977,1,1,156275390,1565390,0
431,431,431,"[258, 768, 488, 818]","[350, 617, 389, 659]",0.0,0,1,0,1565390,0
432,432,432,"[369, 442, 473, 483]","[0, 0, 0, 0]",0.0,0,1,0,0,0
433,433,433,"[364, 677, 640, 742]","[206, 173, 287, 330]",0.0,0,1,0,0,0
434,434,434,"[199, 309, 411, 363]","[292, 320, 412, 367]",0.431266846361186,0,1,0,1741499,0
435,435,435,"[948, 887, 1208, 945]","[1644, 401, 1742, 629]",0.0,0,1,0,0,0
436,436,436,"[947, 884, 1209, 946]","[1644, 401, 1742, 629]",0.0,0,1,0,0,0
437,437,437,"[944, 834, 1302, 913]","[948, 834, 1296, 911]",0.947841225626741,1,1,186493746,0,0
438,438,438,"[436, 870, 581, 993]","[438, 873, 575, 987]",0.8766018559434379,1,1,,0,0
439,439,439,"[612, 1228, 824, 1281]","[614, 1232, 824, 1278]",0.8621978786298035,1,1,154,0,0
440,440,440,"[259, 433, 412, 475]","[94, 328, 117, 367]",0.0,0,1,0,1155620,0
441,441,441,"[239, 452, 395, 490]","[175, 354, 233, 382]",0.0,0,1,0,0,0
442,442,442,"[68, 543, 187, 586]","[285, 453, 341, 517]",0.0,0,1,0,0,0
443,443,443,"[482, 487, 559, 526]","[561, 165, 657, 185]",0.0,0,1,0,0,0
444,444,444,"[256, 618, 467, 664]","[269, 212, 363, 229]",0.0,0,1,0,0,0
445,445,445,"[268, 539, 450, 577]","[0, 0, 0, 0]",0.0,0,1,0,0,0
446,446,446,"[200, 520, 432, 567]","[399, 30, 432, 85]",0.0,0,1,0,1628982,0
447,447,447,"[244, 476, 438, 530]","[471, 358, 559, 383]",0.0,0,1,0,1628982,0
448,448,448,"[348, 496, 527, 534]","[0, 0, 0, 0]",0.0,0,1,0,1886694,0
449,449,449,"[788, 347, 907, 418]","[560, 71, 610, 103]",0.0,0,1,0,0,0
450,450,450,"[264, 409, 437, 450]","[538, 362, 561, 382]",0.0,0,1,0,1886694,0
451,451,451,"[825, 458, 933, 550]","[0, 0, 0, 0]",0.0,0,1,0,0,0
452,452,452,"[473, 1130, 900, 1284]","[747, 1199, 775, 1265]",0.02928851371721435,0,1,0,0,0
453,453,453,"[1257, 1004, 1676, 1162]","[1853, 614, 1913, 709]",0.0,0,1,0,1335849,0
454,454,454,"[90, 474, 271, 574]","[162, 417, 209, 472]",0.0,0,1,0,0,0
455,455,455,"[222, 565, 427, 628]","[332, 568, 424, 615]",0.33859223300970875,0,1,0,0,0
456,456,456,"[344, 455, 542, 513]","[540, 195, 589, 224]",0.0,0,1,0,0,0
457,457,457,"[344, 527, 593, 582]","[346, 530, 589, 578]",0.854,1,1,1143581,1143581,1
458,458,458,"[133, 433, 259, 522]","[674, 166, 712, 214]",0.0,0,1,0,0,0
459,459,459,"[433, 598, 679, 651]","[438, 604, 671, 646]",0.7543859649122807,1,1,4426667,1426667,0
460,460,460,"[585, 524, 802, 620]","[587, 530, 801, 620]",0.9252340868249315,1,1,[],1426667,0
461,461,461,"[232, 441, 360, 473]","[232, 445, 359, 470]",0.7817712003758516,1,1,162,0,0
462,462,462,"[572, 584, 832, 642]","[578, 589, 831, 635]",0.7752451457886875,1,1,142,1426667,0
463,463,463,"[351, 434, 486, 473]","[623, 472, 644, 492]",0.0,0,1,0,0,0
464,464,464,"[306, 401, 482, 455]","[370, 354, 419, 372]",0.0,0,1,0,1596352,0
465,465,465,"[317, 631, 438, 659]","[319, 632, 434, 656]",0.819672131147541,1,1,1299727012997270,1297270,0
466,466,466,"[93, 632, 173, 673]","[144, 329, 191, 367]",0.0,0,1,0,0,0
467,467,467,"[95, 632, 175, 675]","[150, 333, 197, 370]",0.0,0,1,0,0,0
468,468,468,"[264, 609, 407, 642]","[96, 134, 187, 170]",0.0,0,1,0,1297270,0
469,469,469,"[209, 893, 487, 947]","[0, 0, 0, 0]",0.0,0,1,0,0,0
470,470,470,"[292, 481, 422, 536]","[411, 256, 481, 291]",0.0,0,1,0,0,0
471,471,471,"[642, 362, 787, 394]","[451, 188, 567, 208]",0.0,0,1,0,0,0
472,472,472,"[106, 1289, 406, 1468]","[219, 1176, 303, 1216]",0.0,0,1,0,0,0
473,473,473,"[613, 615, 925, 692]","[618, 623, 920, 678]",0.6950110592283116,1,1,809482,809482,1
474,474,474,"[1207, 421, 1479, 545]","[1211, 425, 1468, 537]",0.8543296703296703,1,1,,809482,0
475,475,475,"[702, 417, 1040, 495]","[705, 424, 1034, 487]",0.7886187969082559,1,1,809482,809482,1
476,476,476,"[821, 867, 1149, 937]","[113, 289, 159, 352]",0.0,0,1,0,1377157,0
477,477,477,"[1475, 692, 1611, 779]","[639, 486, 880, 600]",0.0,0,1,0,0,0
478,478,478,"[1331, 631, 1500, 707]","[1004, 595, 1222, 634]",0.0,0,1,0,0,0
479,479,479,"[760, 687, 1029, 754]","[764, 690, 1025, 750]",0.8704793028322441,1,1,1379715713797157,1377157,0
480,480,480,"[283, 706, 413, 739]","[117, 660, 174, 697]",0.0,0,1,0,0,0
481,481,481,"[569, 826, 691, 876]","[215, 641, 281, 702]",0.0,0,1,0,0,0
482,482,482,"[386, 674, 500, 731]","[2, 546, 71, 598]",0.0,0,1,0,0,0
483,483,483,"[88, 576, 172, 632]","[181, 558, 239, 639]",0.0,0,1,0,0,0
484,484,484,"[219, 409, 386, 446]","[392, 200, 453, 242]",0.0,0,1,0,0,0
485,485,485,"[985, 865, 1387, 996]","[1658, 675, 1696, 720]",0.0,0,1,0,813448,0
486,486,486,"[289, 297, 521, 338]","[380, 212, 459, 254]",0.0,0,1,0,104787,0
487,487,487,"[399, 422, 584, 458]","[476, 313, 506, 345]",0.0,0,1,0,0,0
488,488,488,"[171, 405, 332, 478]","[232, 353, 284, 393]",0.0,0,1,0,0,0
489,489,489,"[529, 559, 675, 627]","[224, 514, 249, 631]",0.0,0,1,0,0,0
490,490,490,"[257, 469, 427, 509]","[260, 472, 429, 503]",0.7598586572438163,1,1,1773818,0,0
491,491,491,"[471, 404, 608, 465]","[472, 406, 600, 464]",0.8895511921458625,1,1,[],0,0
492,492,492,"[609, 1414, 960, 1493]","[614, 1418, 954, 1486]",0.835546875,1,1,146,0,0
493,493,493,"[283, 577, 517, 812]","[1361, 701, 1458, 758]",0.0,0,1,0,0,0
494,494,494,"[858, 1064, 1296, 1167]","[0, 0, 0, 0]",0.0,0,1,0,1469092,0
495,495,495,"[1083, 874, 1280, 939]","[0, 0, 0, 0]",0.0,0,1,0,0,0
496,496,496,"[311, 722, 516, 766]","[313, 725, 514, 763]",0.8498381877022654,1,1,32346,1742346,0
497,497,497,"[296, 649, 464, 693]","[0, 0, 0, 0]",0.0,0,1,0,1742346,0
498,498,498,"[250, 572, 407, 607]","[253, 574, 401, 605]",0.8382559774964838,1,1,1787586,1787586,1
499,499,499,"[61, 561, 141, 613]","[477, 497, 617, 583]",0.0,0,1,0,0,0
500,500,500,"[464, 569, 603, 635]","[0, 0, 0, 0]",0.0,0,1,0,0,0
501,501,501,"[548, 1206, 858, 1283]","[554, 1210, 850, 1278]",0.8447934701953994,1,1,420,0,0
502,502,502,"[446, 1244, 891, 1370]","[451, 1253, 882, 1355]",0.7855654814448643,1,1,129,0,0
503,503,503,"[279, 1052, 554, 1185]","[284, 1056, 548, 1182]",0.9099881029634437,1,1,[],0,0
504,504,504,"[1391, 616, 1673, 759]","[1402, 623, 1664, 753]",0.8454308990969769,1,1,[],0,0
505,505,505,"[1405, 927, 1641, 1082]","[1408, 927, 1647, 1078]",0.9388660120367437,1,1,[],0,0
506,506,506,"[386, 698, 664, 824]","[391, 705, 658, 814]",0.8319927750966613,1,1,[],0,0
507,507,507,"[827, 1093, 1250, 1187]","[831, 1094, 1248, 1180]",0.9028301886792452,1,1,161032492161032492,1612492,0
508,508,508,"[551, 1326, 1311, 1480]","[0, 0, 0, 0]",0.0,0,1,0,0,0
509,509,509,"[194, 524, 328, 571]","[0, 0, 0, 0]",0.0,0,1,0,0,0
510,510,510,"[374, 553, 505, 623]","[113, 237, 270, 427]",0.0,0,1,0,0,0
511,511,511,"[224, 473, 439, 551]","[224, 476, 437, 544]",0.8653305203938115,1,1,[],0,0
512,512,512,"[395, 417, 638, 475]","[399, 421, 634, 478]",0.859375,1,1,1902291,1902291,1
513,513,513,"[236, 361, 428, 405]","[51, 129, 98, 159]",0.0,0,1,0,0,0
514,514,514,"[726, 402, 823, 449]","[0, 0, 0, 0]",0.0,0,1,0,0,0
515,515,515,"[139, 485, 304, 532]","[81, 291, 215, 314]",0.0,0,1,0,0,0
516,516,516,"[20, 404, 124, 470]","[13, 377, 172, 438]",0.2767319277108434,0,1,0,0,0
517,517,517,"[749, 539, 910, 596]","[750, 543, 911, 596]",0.92,1,1,1902291,0,0
518,518,518,"[467, 341, 564, 366]","[914, 47, 946, 87]",0.0,0,1,0,0,0
519,519,519,"[553, 302, 621, 344]","[242, 183, 324, 252]",0.0,0,1,0,0,0
520,520,520,"[657, 338, 734, 389]","[436, 358, 473, 439]",0.0,0,1,0,0,0
521,521,521,"[617, 342, 743, 408]","[619, 343, 740, 407]",0.9319544012222353,1,1,,0,0
522,522,522,"[196, 329, 265, 381]","[452, 360, 493, 441]",0.0,0,1,0,0,0
523,523,523,"[723, 928, 881, 970]","[807, 870, 887, 915]",0.0,0,1,0,0,0
524,524,524,"[545, 886, 716, 926]","[637, 830, 736, 876]",0.0,0,1,0,0,0
525,525,525,"[470, 656, 624, 734]","[0, 0, 0, 0]",0.0,0,1,0,0,0
526,526,526,"[722, 727, 872, 775]","[0, 0, 0, 0]",0.0,0,1,0,0,0
527,527,527,"[728, 930, 882, 969]","[807, 870, 887, 915]",0.0,0,1,0,0,0
528,528,528,"[226, 817, 483, 882]","[232, 823, 482, 871]",0.7222809490251351,1,1,93437173,937173,0
529,529,529,"[567, 632, 717, 703]","[569, 632, 716, 700]",0.9392935982339956,1,1,,0,0
530,530,530,"[213, 569, 409, 618]","[215, 572, 407, 614]",0.8425380710659899,1,1,935497173935497173,937173,0
531,531,531,"[572, 1170, 778, 1224]","[725, 564, 962, 592]",0.0,0,1,0,0,0
532,532,532,"[587, 1473, 873, 1545]","[337, 1269, 1145, 1417]",0.0,0,1,0,0,0
533,533,533,"[419, 598, 578, 634]","[432, 139, 569, 184]",0.0,0,1,0,0,0
534,534,534,"[80, 647, 176, 689]","[143, 199, 263, 246]",0.0,0,1,0,0,0
535,535,535,"[153, 694, 284, 734]","[154, 699, 282, 730]",0.7627494456762749,1,1,[],0,0
536,536,536,"[220, 663, 427, 714]","[0, 0, 0, 0]",0.0,0,1,0,1296304,0
537,537,537,"[138, 507, 254, 570]","[548, 483, 576, 615]",0.0,0,1,0,0,0
538,538,538,"[340, 379, 459, 441]","[453, 382, 486, 436]",0.04256495301271421,0,1,0,0,0
539,539,539,"[537, 247, 656, 301]","[538, 249, 654, 300]",0.9218181818181819,1,1,[],0,0
540,540,540,"[647, 367, 739, 433]","[552, 355, 586, 397]",0.0,0,1,0,0,0
541,541,541,"[122, 249, 254, 302]","[0, 0, 0, 0]",0.0,0,1,0,0,0
542,542,542,"[335, 635, 549, 720]","[0, 0, 0, 0]",0.0,0,1,0,0,0
543,543,543,"[1, 676, 274, 803]","[0, 0, 0, 0]",0.0,0,1,0,0,0
544,544,544,"[279, 429, 531, 511]","[862, 237, 913, 258]",0.0,0,1,0,1252352,0
545,545,545,"[314, 748, 553, 823]","[308, 748, 553, 823]",0.975609756097561,1,1,[],1663143,0
546,546,546,"[266, 788, 493, 835]","[363, 691, 406, 747]",0.0,0,1,0,1662143,0
547,547,547,"[662, 530, 860, 614]","[445, 413, 538, 460]",0.0,0,1,0,0,0
548,548,548,"[340, 852, 566, 902]","[436, 758, 477, 813]",0.0,0,1,0,1663143,0
549,549,549,"[70, 463, 206, 617]","[332, 416, 464, 465]",0.0,0,1,0,0,0
550,550,550,"[687, 409, 809, 496]","[297, 404, 340, 539]",0.0,0,1,0,0,0
551,551,551,"[408, 469, 608, 514]","[411, 472, 605, 507]",0.7592472420506164,1,1,1225436715,1226715,0
552,552,552,"[171, 456, 251, 532]","[443, 651, 510, 692]",0.0,0,1,0,0,0
553,553,553,"[196, 448, 291, 525]","[0, 0, 0, 0]",0.0,0,1,0,0,0
554,554,554,"[670, 455, 791, 523]","[347, 448, 663, 516]",0.0,0,1,0,0,0
555,555,555,"[136, 1199, 386, 1310]","[643, 1861, 715, 1922]",0.0,0,1,0,0,0
556,556,556,"[449, 353, 616, 396]","[78, 8, 102, 61]",0.0,0,1,0,0,0
557,557,557,"[436, 490, 648, 548]","[200, 153, 256, 175]",0.0,0,1,0,598651,0
558,558,558,"[173, 525, 380, 656]","[175, 530, 374, 649]",0.8741258741258742,1,1,,0,0
559,559,559,"[588, 1206, 1109, 1345]","[911, 1008, 1201, 1051]",0.0,0,1,0,1857772,0
560,560,560,"[269, 537, 452, 588]","[594, 132, 630, 314]",0.0,0,1,0,1673991,0
561,561,561,"[227, 381, 483, 445]","[19, 186, 70, 261]",0.0,0,1,0,1673991,0
562,562,562,"[639, 1579, 886, 1634]","[640, 1581, 879, 1631]",0.881336405529954,1,1,14285095,0,0
563,563,563,"[88, 1184, 394, 1256]","[1129, 1284, 1408, 1386]",0.0,0,1,0,0,0
564,564,564,"[267, 727, 461, 775]","[378, 305, 456, 336]",0.0,0,1,0,0,0
565,565,565,"[632, 431, 706, 465]","[633, 434, 703, 463]",0.8114285714285714,1,1,,0,0
566,566,566,"[109, 613, 204, 661]","[0, 0, 0, 0]",0.0,0,1,0,0,0
567,567,567,"[34, 384, 152, 484]","[36, 388, 148, 478]",0.8555620267909144,1,1,,0,0
568,568,568,"[333, 376, 437, 447]","[477, 420, 592, 449]",0.0,0,1,0,0,0
569,569,569,"[1584, 559, 1694, 1049]","[1582, 562, 1686, 1028]",0.8677009109768197,1,1,,0,0
570,570,570,"[1414, 524, 1507, 943]","[1416, 533, 1499, 923]",0.8319148936170213,1,1,,0,0
571,571,571,"[1072, 683, 1276, 852]","[1066, 687, 1278, 843]",0.8914030908990196,1,1,,0,0
572,572,572,"[132, 862, 309, 992]","[448, 999, 721, 1083]",0.0,0,1,0,0,0
573,573,573,"[1385, 677, 1507, 853]","[1115, 926, 1278, 982]",0.0,0,1,0,0,0
574,574,574,"[640, 1026, 1028, 1116]","[784, 737, 846, 794]",0.0,0,1,0,1886085,0
575,575,575,"[1018, 683, 1337, 864]","[1029, 688, 1333, 868]",0.9079212916246215,1,1,[],0,0
576,576,576,"[226, 922, 457, 978]","[566, 86, 600, 120]",0.0,0,1,0,0,0
577,577,577,"[799, 215, 853, 403]","[802, 217, 847, 401]",0.8186628186628186,1,1,,0,0
578,578,578,"[802, 214, 858, 406]","[802, 217, 847, 401]",0.773566039450959,1,1,,0,0
579,579,579,"[249, 432, 446, 478]","[251, 435, 444, 473]",0.813023855577047,1,1,184573936,1843036,0
580,580,580,"[40, 363, 121, 440]","[217, 454, 326, 502]",0.0,0,1,0,0,0
581,581,581,"[625, 338, 708, 425]","[417, 443, 524, 484]",0.0,0,1,0,0,0
582,582,582,"[233, 440, 394, 477]","[0, 0, 0, 0]",0.0,0,1,0,1843036,0
583,583,583,"[624, 325, 688, 396]","[217, 96, 316, 132]",0.0,0,1,0,0,0
584,584,584,"[87, 356, 176, 433]","[250, 260, 337, 315]",0.0,0,1,0,0,0
585,585,585,"[572, 387, 638, 444]","[115, 219, 224, 282]",0.0,0,1,0,0,0
586,586,586,"[262, 496, 457, 539]","[296, 271, 422, 312]",0.0,0,1,0,1556120,0
587,587,587,"[323, 452, 523, 511]","[0, 0, 0, 0]",0.0,0,1,0,0,0
588,588,588,"[312, 466, 491, 516]","[392, 375, 424, 412]",0.0,0,1,0,0,0
589,589,589,"[339, 546, 484, 599]","[325, 36, 465, 81]",0.0,0,1,0,0,0
590,590,590,"[192, 490, 376, 526]","[194, 492, 372, 523]",0.8368151935719503,1,1,876,15676,0
591,591,591,"[512, 1369, 963, 1485]","[515, 1374, 958, 1475]",0.8563648740639891,1,1,[],1099521,0
592,592,592,"[493, 1522, 1005, 1646]","[497, 1530, 1002, 1639]",0.8679922027290449,1,1,1099521,1099521,1
593,593,593,"[750, 696, 1039, 830]","[753, 699, 1036, 824]",0.9140229885057471,1,1,[],0,0
594,594,594,"[423, 297, 615, 350]","[425, 297, 612, 347]",0.9199769717904432,1,1,1659445,1659445,1
595,595,595,"[260, 750, 491, 809]","[264, 756, 487, 802]",0.7563218390804598,1,1,74267426,1417424,0
596,596,596,"[218, 648, 483, 719]","[222, 653, 477, 708]",0.7485380116959064,1,1,141,1417424,0
597,597,597,"[200, 649, 464, 721]","[204, 655, 458, 709]",0.7249935383820109,1,1,92,1417424,0
598,598,598,"[181, 609, 401, 669]","[270, 543, 301, 577]",0.0,0,1,0,1417424,0
599,599,599,"[837, 1121, 1282, 1229]","[97, 892, 276, 978]",0.0,0,1,0,2082089,0
600,600,600,"[105, 881, 272, 1081]","[0, 0, 0, 0]",0.0,0,1,0,0,0
601,601,601,"[1411, 951, 1654, 1091]","[137, 1213, 322, 1353]",0.0,0,1,0,0,0
602,602,602,"[1181, 786, 1484, 930]","[526, 356, 890, 377]",0.0,0,1,0,0,0
603,603,603,"[1375, 1118, 1681, 1294]","[0, 0, 0, 0]",0.0,0,1,0,0,0
604,604,604,"[57, 964, 338, 1240]","[202, 381, 356, 418]",0.0,0,1,0,0,0
605,605,605,"[708, 1067, 1240, 1180]","[1840, 34, 1942, 212]",0.0,0,1,0,2082089,0
606,606,606,"[436, 1175, 873, 1277]","[440, 1185, 862, 1267]",0.7782284878308285,1,1,11,1142378,0
607,607,607,"[235, 821, 637, 910]","[237, 826, 633, 904]",0.8647091259994486,1,1,1145452378,1142378,0
608,608,608,"[625, 366, 735, 420]","[0, 0, 0, 0]",0.0,0,1,0,0,0
609,609,609,"[123, 435, 195, 492]","[358, 198, 422, 253]",0.0,0,1,0,0,0
610,610,610,"[670, 426, 798, 501]","[675, 427, 798, 498]",0.9106487148102815,1,1,,0,0
611,611,611,"[412, 452, 576, 494]","[355, 394, 634, 436]",0.0,0,1,0,1841904,0
612,612,612,"[171, 357, 347, 424]","[109, 99, 137, 176]",0.0,0,1,0,0,0
613,613,613,"[386, 375, 598, 422]","[391, 377, 594, 418]",0.8380281690140845,1,1,1847190418471904,1841904,0
614,614,614,"[143, 522, 289, 608]","[437, 588, 565, 630]",0.0,0,1,0,0,0
615,615,615,"[452, 842, 813, 934]","[457, 846, 810, 926]",0.8517198360363571,1,1,1933654,1933654,1
616,616,616,"[471, 705, 829, 783]","[31, 447, 94, 490]",0.0,0,1,0,1933654,0
617,617,617,"[1038, 474, 1228, 624]","[1107, 700, 1256, 780]",0.0,0,1,0,0,0
618,618,618,"[372, 553, 556, 599]","[376, 554, 556, 598]",0.9367452558941921,1,1,[],1465953,0
619,619,619,"[251, 288, 400, 352]","[253, 288, 398, 353]",0.9589733225545675,1,1,[],0,0
620,620,620,"[1392, 934, 1610, 1095]","[1407, 944, 1600, 1088]",0.7928857320029314,1,1,[],0,0
621,621,621,"[165, 838, 381, 1016]","[0, 0, 0, 0]",0.0,0,1,0,0,0
622,622,622,"[1330, 660, 1637, 830]","[0, 0, 0, 0]",0.0,0,1,0,0,0
623,623,623,"[241, 695, 429, 824]","[267, 652, 326, 695]",0.0022099447513812156,0,1,0,0,0
624,624,624,"[164, 843, 384, 1016]","[0, 0, 0, 0]",0.0,0,1,0,0,0
625,625,625,"[149, 302, 302, 340]","[8, 121, 40, 141]",0.0,0,1,0,1558844,0
626,626,626,"[158, 389, 295, 419]","[358, 318, 407, 355]",0.0,0,1,0,1558844,0
627,627,627,"[43, 179, 106, 240]","[136, 85, 196, 125]",0.0,0,1,0,0,0
628,628,628,"[465, 670, 637, 718]","[466, 675, 632, 713]",0.7683142621210334,1,1,10553791055379,1055379,0
629,629,629,"[273, 492, 468, 538]","[277, 497, 464, 531]",0.7142857142857143,1,1,,1055379,0
630,630,630,"[547, 402, 658, 486]","[121, 407, 164, 463]",0.0,0,1,0,0,0
631,631,631,"[317, 497, 506, 539]","[286, 415, 351, 446]",0.0,0,1,0,672999,0
632,632,632,"[328, 347, 402, 434]","[800, 215, 834, 237]",0.0,0,1,0,0,0
633,633,633,"[533, 444, 792, 505]","[535, 447, 787, 498]",0.8161290322580645,1,1,28643924,283924,0
634,634,634,"[479, 493, 690, 548]","[514, 382, 769, 406]",0.0,0,1,0,0,0
635,635,635,"[295, 495, 415, 524]","[556, 196, 623, 252]",0.0,0,1,0,0,0
636,636,636,"[505, 567, 613, 622]","[0, 0, 0, 0]",0.0,0,1,0,0,0
637,637,637,"[177, 512, 243, 550]","[490, 369, 534, 428]",0.0,0,1,0,0,0
638,638,638,"[578, 493, 736, 564]","[0, 0, 0, 0]",0.0,0,1,0,0,0
639,639,639,"[671, 472, 838, 558]","[705, 308, 806, 345]",0.0,0,1,0,0,0
640,640,640,"[101, 510, 251, 613]","[255, 78, 272, 142]",0.0,0,1,0,0,0
641,641,641,"[196, 477, 323, 539]","[93, 15, 169, 46]",0.0,0,1,0,0,0
642,642,642,"[115, 292, 257, 320]","[45, 380, 94, 408]",0.0,0,1,0,1792526,0
643,643,643,"[248, 225, 332, 270]","[247, 226, 329, 270]",0.9329962073324906,1,1,,0,0
644,644,644,"[283, 541, 480, 585]","[284, 545, 476, 579]",0.7581369248035915,1,1,178611,178611,1
645,645,645,"[663, 431, 757, 500]","[315, 166, 360, 189]",0.0,0,1,0,0,0
646,646,646,"[701, 435, 847, 542]","[658, 122, 696, 205]",0.0,0,1,0,0,0
647,647,647,"[793, 441, 883, 552]","[73, 290, 96, 366]",0.0,0,1,0,0,0
648,648,648,"[178, 427, 293, 516]","[599, 353, 670, 415]",0.0,0,1,0,0,0
649,649,649,"[174, 407, 296, 508]","[231, 296, 259, 339]",0.0,0,1,0,0,0
650,650,650,"[596, 419, 745, 494]","[562, 177, 635, 229]",0.0,0,1,0,0,0
651,651,651,"[109, 382, 219, 497]","[597, 111, 654, 256]",0.0,0,1,0,0,0
652,652,652,"[709, 350, 860, 441]","[671, 324, 736, 341]",0.0,0,1,0,0,0
653,653,653,"[429, 600, 780, 696]","[431, 606, 776, 687]",0.8309512652296157,1,1,,1859301,0
654,654,654,"[1041, 430, 1236, 546]","[0, 0, 0, 0]",0.0,0,1,0,0,0
655,655,655,"[509, 473, 832, 572]","[511, 483, 828, 558]",0.7459259259259259,1,1,1259301,1859301,0
656,656,656,"[924, 386, 1149, 518]","[927, 390, 1145, 517]",0.9325969791735977,1,1,[],0,0
657,657,657,"[111, 486, 293, 633]","[115, 487, 292, 628]",0.9332447201299661,1,1,93079307,0,0
658,658,658,"[1076, 516, 1225, 642]","[1082, 524, 1220, 629]",0.7734383202099737,1,1,[],0,0
659,659,659,"[149, 372, 349, 470]","[148, 378, 349, 469]",0.9250162573157921,1,1,7,0,0
660,660,660,"[508, 535, 803, 707]","[528, 617, 548, 677]",0.02501562255897516,0,1,0,0,0
661,661,661,"[335, 361, 596, 432]","[336, 373, 593, 422]",0.6838422391857506,1,1,11197330,1197330,0
662,662,662,"[316, 564, 526, 617]","[315, 570, 520, 610]",0.735024048972453,1,1,119237330119237330,1197330,0
663,663,663,"[286, 509, 437, 544]","[290, 516, 439, 545]",0.7556338028169014,1,1,999038,1029038,0
664,664,664,"[229, 576, 479, 626]","[494, 552, 684, 606]",0.0,0,1,0,1029038,0
665,665,665,"[283, 609, 448, 641]","[282, 607, 449, 640]",0.9037087444709084,1,1,[],0,0
666,666,666,"[272, 651, 485, 693]","[211, 696, 542, 728]",0.0,0,1,0,0,0
667,667,667,"[416, 545, 706, 606]","[0, 0, 0, 0]",0.0,0,1,0,1667607,0
668,668,668,"[354, 481, 656, 564]","[410, 509, 432, 550]",0.037953795379537955,0,1,0,1667607,0
669,669,669,"[333, 443, 526, 488]","[0, 0, 0, 0]",0.0,0,1,0,0,0
670,670,670,"[643, 341, 756, 421]","[881, 87, 918, 117]",0.0,0,1,0,0,0
671,671,671,"[284, 400, 552, 465]","[66, 2, 231, 30]",0.0,0,1,0,1886748,0
672,672,672,"[52, 277, 141, 366]","[0, 0, 0, 0]",0.0,0,1,0,0,0
673,673,673,"[387, 383, 591, 440]","[680, 86, 721, 135]",0.0,0,1,0,1939065,0
674,674,674,"[688, 237, 756, 299]","[682, 233, 763, 308]",0.6975288831835686,1,1,,0,0
675,675,675,"[416, 290, 587, 336]","[773, 3, 805, 93]",0.0,0,1,0,1939065,0
676,676,676,"[123, 248, 238, 321]","[140, 290, 246, 335]",0.3064422518862449,0,1,0,0,0
677,677,677,"[308, 409, 490, 445]","[0, 0, 0, 0]",0.0,0,1,0,1842183,0
678,678,678,"[308, 260, 512, 307]","[613, 81, 799, 97]",0.0,0,1,0,1842183,0
679,679,679,"[141, 238, 253, 311]","[69, 302, 202, 453]",0.022056207755247245,0,1,0,0,0
680,680,680,"[380, 393, 582, 459]","[295, 331, 445, 351]",0.0,0,1,0,2068810,0
681,681,681,"[698, 254, 805, 326]","[495, 63, 546, 111]",0.0,0,1,0,0,0
682,682,682,"[366, 281, 614, 339]","[0, 0, 0, 0]",0.0,0,1,0,2068810,0
683,683,683,"[86, 226, 198, 311]","[413, 13, 519, 37]",0.0,0,1,0,0,0
684,684,684,"[358, 423, 591, 481]","[743, 31, 779, 79]",0.0,0,1,0,1798174,0
685,685,685,"[118, 228, 235, 301]","[0, 0, 0, 0]",0.0,0,1,0,0,0
686,686,686,"[283, 244, 507, 299]","[65, 10, 227, 39]",0.0,0,1,0,1798174,0
687,687,687,"[707, 218, 802, 290]","[0, 0, 0, 0]",0.0,0,1,0,0,0
688,688,688,"[340, 403, 547, 444]","[215, 461, 648, 491]",0.0,0,1,0,2022806,0
689,689,689,"[768, 225, 858, 288]","[0, 0, 0, 0]",0.0,0,1,0,0,0
690,690,690,"[331, 260, 563, 312]","[333, 263, 558, 309]",0.860150619483359,1,1,2022806,2022806,1
691,691,691,"[135, 221, 247, 299]","[0, 0, 0, 0]",0.0,0,1,0,0,0
692,692,692,"[382, 416, 586, 474]","[4, 15, 193, 131]",0.0,0,1,0,2008253,0
693,693,693,"[291, 418, 524, 467]","[35, 14, 206, 40]",0.0,0,1,0,2008253,0
694,694,694,"[145, 335, 247, 416]","[144, 335, 248, 422]",0.914069264069264,1,1,[],0,0
695,695,695,"[549, 1685, 1029, 1757]","[0, 0, 0, 0]",0.0,0,1,0,173645,0
696,696,696,"[515, 1102, 1036, 1221]","[0, 0, 0, 0]",0.0,0,1,0,173645,0
697,697,697,"[138, 506, 238, 552]","[124, 464, 277, 491]",0.0,0,1,0,0,0
698,698,698,"[413, 495, 520, 553]","[370, 447, 536, 487]",0.0,0,1,0,0,0
699,699,699,"[130, 492, 241, 559]","[443, 257, 523, 386]",0.0,0,1,0,0,0
700,700,700,"[419, 568, 557, 604]","[179, 232, 264, 364]",0.0,0,1,0,0,0
701,701,701,"[306, 424, 479, 464]","[211, 16, 379, 50]",0.0,0,1,0,1878074,0
702,702,702,"[221, 455, 374, 494]","[222, 460, 367, 489]",0.711038961038961,1,1,1879074,1878074,0
703,703,703,"[389, 430, 604, 495]","[387, 430, 601, 494]",0.9623939941609898,1,1,29872987,912987,0
704,704,704,"[670, 269, 780, 346]","[547, 316, 830, 450]",0.07899993112473311,0,1,0,0,0
705,705,705,"[308, 271, 584, 338]","[316, 276, 575, 329]",0.7453811849649608,1,1,912987,912987,1
706,706,706,"[102, 244, 212, 329]","[0, 0, 0, 0]",0.0,0,1,0,0,0
707,707,707,"[461, 467, 579, 519]","[10, 383, 40, 396]",0.0,0,1,0,0,0
708,708,708,"[204, 437, 304, 493]","[163, 312, 189, 358]",0.0,0,1,0,0,0
